{"cameraMode":{"drawMode":0,"name":"Shaded","section":"Shading Mode"},"sceneLighting":true,"audioPlay":false,"sceneViewState":{"showFog":true,"showMaterialUpdate":false,"showSkybox":true,"showFlares":true,"showImageEffects":true,"showParticleSystems":true,"showVisualEffectGraphs":true,"m_FxEnabled":true},"in2DMode":false,"pivot":{"x":-0.5216253995895386,"y":4.471867084503174,"z":-0.2833986282348633},"rotation":{"x":0.024894967675209047,"y":-0.007497640326619148,"z":0.0001868292602011934,"w":0.9996626973152161},"size":10.488835334777832,"orthographic":false}